Workbook

Sheet Summary
B2: Medicare Claims Analysis, 2008-2010
B3: CMS DE-SynPUF synthetic Medicare data (Sample 1). Source: gold layer of the healthcare-claims-etl pipeline.
B5: Total Medicare payment | D5: Claims | F5: Average payment per claim | H5: Inpatient share of payment
B6: =SUMIFS(Data_Monthly!$F$2:$F$76,Data_Monthly!$A$2:$A$76,">=2008") | D6: =SUMIFS(Data_Monthly!$D$2:$D$76,Data_Monthly!$A$2:$A$76,">=2008") | F6: =IF(D6=0,0,B6/D6) | H6: =IF(B6=0,0,SUMIFS(Data_Monthly!$F$2:$F$76,Data_Monthly!$A$2:$A$76,">=2008",Data_Monthly!$C$2:$C$76,"IP")/B6)
B7: Years 2008-2010. The 536 claims that start in 2007 are excluded.
B9: Payment and claims by year
B10: Year | C10: Inpatient claims | D10: Inpatient payment | E10: Outpatient claims | F10: Outpatient payment | G10: Total payment | H10: Change vs prior year
B11: 2008 | C11: =SUMIFS(Data_Monthly!$D$2:$D$76,Data_Monthly!$A$2:$A$76,$B11,Data_Monthly!$C$2:$C$76,"IP") | D11: =SUMIFS(Data_Monthly!$F$2:$F$76,Data_Monthly!$A$2:$A$76,$B11,Data_Monthly!$C$2:$C$76,"IP") | E11: =SUMIFS(Data_Monthly!$D$2:$D$76,Data_Monthly!$A$2:$A$76,$B11,Data_Monthly!$C$2:$C$76,"OP") | F11: =SUMIFS(Data_Monthly!$F$2:$F$76,Data_Monthly!$A$2:$A$76,$B11,Data_Monthly!$C$2:$C$76,"OP") | G11: =D11+F11 | H11: -
B12: 2009 | C12: =SUMIFS(Data_Monthly!$D$2:$D$76,Data_Monthly!$A$2:$A$76,$B12,Data_Monthly!$C$2:$C$76,"IP") | D12: =SUMIFS(Data_Monthly!$F$2:$F$76,Data_Monthly!$A$2:$A$76,$B12,Data_Monthly!$C$2:$C$76,"IP") | E12: =SUMIFS(Data_Monthly!$D$2:$D$76,Data_Monthly!$A$2:$A$76,$B12,Data_Monthly!$C$2:$C$76,"OP") | F12: =SUMIFS(Data_Monthly!$F$2:$F$76,Data_Monthly!$A$2:$A$76,$B12,Data_Monthly!$C$2:$C$76,"OP") | G12: =D12+F12 | H12: =IF(G11=0,"-",G12/G11-1)
B13: 2010 | C13: =SUMIFS(Data_Monthly!$D$2:$D$76,Data_Monthly!$A$2:$A$76,$B13,Data_Monthly!$C$2:$C$76,"IP") | D13: =SUMIFS(Data_Monthly!$F$2:$F$76,Data_Monthly!$A$2:$A$76,$B13,Data_Monthly!$C$2:$C$76,"IP") | E13: =SUMIFS(Data_Monthly!$D$2:$D$76,Data_Monthly!$A$2:$A$76,$B13,Data_Monthly!$C$2:$C$76,"OP") | F13: =SUMIFS(Data_Monthly!$F$2:$F$76,Data_Monthly!$A$2:$A$76,$B13,Data_Monthly!$C$2:$C$76,"OP") | G13: =D13+F13 | H13: =IF(G12=0,"-",G13/G12-1)
B14: Total | C14: =SUM(C11:C13) | D14: =SUM(D11:D13) | E14: =SUM(E11:E13) | F14: =SUM(F11:F13) | G14: =SUM(G11:G13)
B15: The CMS sample has fewer 2010 claims than earlier years, so 2010 totals are lower.
B17: Top 10 diagnosis chapters by payment (primary diagnosis, 2008-2010)
B18: ICD-9 chapter | C18: Claims | D18: Payment | E18: Share of payment | F18: Average payment per claim
B19: Circulatory system | C19: =SUMIFS(Data_Diagnosis!$D$2:$D$147,Data_Diagnosis!$A$2:$A$147,">=2008",Data_Diagnosis!$C$2:$C$147,$B19) | D19: =SUMIFS(Data_Diagnosis!$E$2:$E$147,Data_Diagnosis!$A$2:$A$147,">=2008",Data_Diagnosis!$C$2:$C$147,$B19) | E19: =IF($B$6=0,0,D19/$B$6) | F19: =IF(C19=0,0,D19/C19)
B20: Supplementary factors (V codes) | C20: =SUMIFS(Data_Diagnosis!$D$2:$D$147,Data_Diagnosis!$A$2:$A$147,">=2008",Data_Diagnosis!$C$2:$C$147,$B20) | D20: =SUMIFS(Data_Diagnosis!$E$2:$E$147,Data_Diagnosis!$A$2:$A$147,">=2008",Data_Diagnosis!$C$2:$C$147,$B20) | E20: =IF($B$6=0,0,D20/$B$6) | F20: =IF(C20=0,0,D20/C20)
B21: Respiratory system | C21: =SUMIFS(Data_Diagnosis!$D$2:$D$147,Data_Diagnosis!$A$2:$A$147,">=2008",Data_Diagnosis!$C$2:$C$147,$B21) | D21: =SUMIFS(Data_Diagnosis!$E$2:$E$147,Data_Diagnosis!$A$2:$A$147,">=2008",Data_Diagnosis!$C$2:$C$147,$B21) | E21: =IF($B$6=0,0,D21/$B$6) | F21: =IF(C21=0,0,D21/C21)
B22: Injury and poisoning | C22: =SUMIFS(Data_Diagnosis!$D$2:$D$147,Data_Diagnosis!$A$2:$A$147,">=2008",Data_Diagnosis!$C$2:$C$147,$B22) | D22: =SUMIFS(Data_Diagnosis!$E$2:$E$147,Data_Diagnosis!$A$2:$A$147,">=2008",Data_Diagnosis!$C$2:$C$147,$B22) | E22: =IF($B$6=0,0,D22/$B$6) | F22: =IF(C22=0,0,D22/C22)
B23: Musculoskeletal system | C23: =SUMIFS(Data_Diagnosis!$D$2:$D$147,Data_Diagnosis!$A$2:$A$147,">=2008",Data_Diagnosis!$C$2:$C$147,$B23) | D23: =SUMIFS(Data_Diagnosis!$E$2:$E$147,Data_Diagnosis!$A$2:$A$147,">=2008",Data_Diagnosis!$C$2:$C$147,$B23) | E23: =IF($B$6=0,0,D23/$B$6) | F23: =IF(C23=0,0,D23/C23)
B24: Digestive system | C24: =SUMIFS(Data_Diagnosis!$D$2:$D$147,Data_Diagnosis!$A$2:$A$147,">=2008",Data_Diagnosis!$C$2:$C$147,$B24) | D24: =SUMIFS(Data_Diagnosis!$E$2:$E$147,Data_Diagnosis!$A$2:$A$147,">=2008",Data_Diagnosis!$C$2:$C$147,$B24) | E24: =IF($B$6=0,0,D24/$B$6) | F24: =IF(C24=0,0,D24/C24)
B25: Neoplasms | C25: =SUMIFS(Data_Diagnosis!$D$2:$D$147,Data_Diagnosis!$A$2:$A$147,">=2008",Data_Diagnosis!$C$2:$C$147,$B25) | D25: =SUMIFS(Data_Diagnosis!$E$2:$E$147,Data_Diagnosis!$A$2:$A$147,">=2008",Data_Diagnosis!$C$2:$C$147,$B25) | E25: =IF($B$6=0,0,D25/$B$6) | F25: =IF(C25=0,0,D25/C25)
B26: Genitourinary system | C26: =SUMIFS(Data_Diagnosis!$D$2:$D$147,Data_Diagnosis!$A$2:$A$147,">=2008",Data_Diagnosis!$C$2:$C$147,$B26) | D26: =SUMIFS(Data_Diagnosis!$E$2:$E$147,Data_Diagnosis!$A$2:$A$147,">=2008",Data_Diagnosis!$C$2:$C$147,$B26) | E26: =IF($B$6=0,0,D26/$B$6) | F26: =IF(C26=0,0,D26/C26)
B27: Infectious and parasitic diseases | C27: =SUMIFS(Data_Diagnosis!$D$2:$D$147,Data_Diagnosis!$A$2:$A$147,">=2008",Data_Diagnosis!$C$2:$C$147,$B27) | D27: =SUMIFS(Data_Diagnosis!$E$2:$E$147,Data_Diagnosis!$A$2:$A$147,">=2008",Data_Diagnosis!$C$2:$C$147,$B27) | E27: =IF($B$6=0,0,D27/$B$6) | F27: =IF(C27=0,0,D27/C27)
B28: Symptoms, signs and ill-defined conditions | C28: =SUMIFS(Data_Diagnosis!$D$2:$D$147,Data_Diagnosis!$A$2:$A$147,">=2008",Data_Diagnosis!$C$2:$C$147,$B28) | D28: =SUMIFS(Data_Diagnosis!$E$2:$E$147,Data_Diagnosis!$A$2:$A$147,">=2008",Data_Diagnosis!$C$2:$C$147,$B28) | E28: =IF($B$6=0,0,D28/$B$6) | F28: =IF(C28=0,0,D28/C28)
B29: All other chapters | C29: =$D$6-SUM(C19:C28) | D29: =$B$6-SUM(D19:D28) | E29: =IF($B$6=0,0,D29/$B$6) | F29: =IF(C29=0,0,D29/C29)
B30: Chapters are ranked by 2008-2010 payment when the workbook is built; values are live formulas.

Sheet Monthly Trend
B2: Monthly payment trend
B3: Medicare payment per month by claim type, 2008-2010.
B5: Year | C5: Month | D5: Month label | E5: Inpatient payment | F5: Outpatient payment | G5: Total payment | H5: Claims
B6: 2008 | C6: 1 | D6: =B6&"-"&TEXT(C6,"00") | E6: =SUMIFS(Data_Monthly!$F$2:$F$76,Data_Monthly!$A$2:$A$76,$B6,Data_Monthly!$B$2:$B$76,$C6,Data_Monthly!$C$2:$C$76,"IP") | F6: =SUMIFS(Data_Monthly!$F$2:$F$76,Data_Monthly!$A$2:$A$76,$B6,Data_Monthly!$B$2:$B$76,$C6,Data_Monthly!$C$2:$C$76,"OP") | G6: =E6+F6 | H6: =SUMIFS(Data_Monthly!$D$2:$D$76,Data_Monthly!$A$2:$A$76,$B6,Data_Monthly!$B$2:$B$76,$C6)
B7: 2008 | C7: 2 | D7: =B7&"-"&TEXT(C7,"00") | E7: =SUMIFS(Data_Monthly!$F$2:$F$76,Data_Monthly!$A$2:$A$76,$B7,Data_Monthly!$B$2:$B$76,$C7,Data_Monthly!$C$2:$C$76,"IP") | F7: =SUMIFS(Data_Monthly!$F$2:$F$76,Data_Monthly!$A$2:$A$76,$B7,Data_Monthly!$B$2:$B$76,$C7,Data_Monthly!$C$2:$C$76,"OP") | G7: =E7+F7 | H7: =SUMIFS(Data_Monthly!$D$2:$D$76,Data_Monthly!$A$2:$A$76,$B7,Data_Monthly!$B$2:$B$76,$C7)
B8: 2008 | C8: 3 | D8: =B8&"-"&TEXT(C8,"00") | E8: =SUMIFS(Data_Monthly!$F$2:$F$76,Data_Monthly!$A$2:$A$76,$B8,Data_Monthly!$B$2:$B$76,$C8,Data_Monthly!$C$2:$C$76,"IP") | F8: =SUMIFS(Data_Monthly!$F$2:$F$76,Data_Monthly!$A$2:$A$76,$B8,Data_Monthly!$B$2:$B$76,$C8,Data_Monthly!$C$2:$C$76,"OP") | G8: =E8+F8 | H8: =SUMIFS(Data_Monthly!$D$2:$D$76,Data_Monthly!$A$2:$A$76,$B8,Data_Monthly!$B$2:$B$76,$C8)
B9: 2008 | C9: 4 | D9: =B9&"-"&TEXT(C9,"00") | E9: =SUMIFS(Data_Monthly!$F$2:$F$76,Data_Monthly!$A$2:$A$76,$B9,Data_Monthly!$B$2:$B$76,$C9,Data_Monthly!$C$2:$C$76,"IP") | F9: =SUMIFS(Data_Monthly!$F$2:$F$76,Data_Monthly!$A$2:$A$76,$B9,Data_Monthly!$B$2:$B$76,$C9,Data_Monthly!$C$2:$C$76,"OP") | G9: =E9+F9 | H9: =SUMIFS(Data_Monthly!$D$2:$D$76,Data_Monthly!$A$2:$A$76,$B9,Data_Monthly!$B$2:$B$76,$C9)
B10: 2008 | C10: 5 | D10: =B10&"-"&TEXT(C10,"00") | E10: =SUMIFS(Data_Monthly!$F$2:$F$76,Data_Monthly!$A$2:$A$76,$B10,Data_Monthly!$B$2:$B$76,$C10,Data_Monthly!$C$2:$C$76,"IP") | F10: =SUMIFS(Data_Monthly!$F$2:$F$76,Data_Monthly!$A$2:$A$76,$B10,Data_Monthly!$B$2:$B$76,$C10,Data_Monthly!$C$2:$C$76,"OP") | G10: =E10+F10 | H10: =SUMIFS(Data_Monthly!$D$2:$D$76,Data_Monthly!$A$2:$A$76,$B10,Data_Monthly!$B$2:$B$76,$C10)
B11: 2008 | C11: 6 | D11: =B11&"-"&TEXT(C11,"00") | E11: =SUMIFS(Data_Monthly!$F$2:$F$76,Data_Monthly!$A$2:$A$76,$B11,Data_Monthly!$B$2:$B$76,$C11,Data_Monthly!$C$2:$C$76,"IP") | F11: =SUMIFS(Data_Monthly!$F$2:$F$76,Data_Monthly!$A$2:$A$76,$B11,Data_Monthly!$B$2:$B$76,$C11,Data_Monthly!$C$2:$C$76,"OP") | G11: =E11+F11 | H11: =SUMIFS(Data_Monthly!$D$2:$D$76,Data_Monthly!$A$2:$A$76,$B11,Data_Monthly!$B$2:$B$76,$C11)
B12: 2008 | C12: 7 | D12: =B12&"-"&TEXT(C12,"00") | E12: =SUMIFS(Data_Monthly!$F$2:$F$76,Data_Monthly!$A$2:$A$76,$B12,Data_Monthly!$B$2:$B$76,$C12,Data_Monthly!$C$2:$C$76,"IP") | F12: =SUMIFS(Data_Monthly!$F$2:$F$76,Data_Monthly!$A$2:$A$76,$B12,Data_Monthly!$B$2:$B$76,$C12,Data_Monthly!$C$2:$C$76,"OP") | G12: =E12+F12 | H12: =SUMIFS(Data_Monthly!$D$2:$D$76,Data_Monthly!$A$2:$A$76,$B12,Data_Monthly!$B$2:$B$76,$C12)
B13: 2008 | C13: 8 | D13: =B13&"-"&TEXT(C13,"00") | E13: =SUMIFS(Data_Monthly!$F$2:$F$76,Data_Monthly!$A$2:$A$76,$B13,Data_Monthly!$B$2:$B$76,$C13,Data_Monthly!$C$2:$C$76,"IP") | F13: =SUMIFS(Data_Monthly!$F$2:$F$76,Data_Monthly!$A$2:$A$76,$B13,Data_Monthly!$B$2:$B$76,$C13,Data_Monthly!$C$2:$C$76,"OP") | G13: =E13+F13 | H13: =SUMIFS(Data_Monthly!$D$2:$D$76,Data_Monthly!$A$2:$A$76,$B13,Data_Monthly!$B$2:$B$76,$C13)
B14: 2008 | C14: 9 | D14: =B14&"-"&TEXT(C14,"00") | E14: =SUMIFS(Data_Monthly!$F$2:$F$76,Data_Monthly!$A$2:$A$76,$B14,Data_Monthly!$B$2:$B$76,$C14,Data_Monthly!$C$2:$C$76,"IP") | F14: =SUMIFS(Data_Monthly!$F$2:$F$76,Data_Monthly!$A$2:$A$76,$B14,Data_Monthly!$B$2:$B$76,$C14,Data_Monthly!$C$2:$C$76,"OP") | G14: =E14+F14 | H14: =SUMIFS(Data_Monthly!$D$2:$D$76,Data_Monthly!$A$2:$A$76,$B14,Data_Monthly!$B$2:$B$76,$C14)
B15: 2008 | C15: 10 | D15: =B15&"-"&TEXT(C15,"00") | E15: =SUMIFS(Data_Monthly!$F$2:$F$76,Data_Monthly!$A$2:$A$76,$B15,Data_Monthly!$B$2:$B$76,$C15,Data_Monthly!$C$2:$C$76,"IP") | F15: =SUMIFS(Data_Monthly!$F$2:$F$76,Data_Monthly!$A$2:$A$76,$B15,Data_Monthly!$B$2:$B$76,$C15,Data_Monthly!$C$2:$C$76,"OP") | G15: =E15+F15 | H15: =SUMIFS(Data_Monthly!$D$2:$D$76,Data_Monthly!$A$2:$A$76,$B15,Data_Monthly!$B$2:$B$76,$C15)
B16: 2008 | C16: 11 | D16: =B16&"-"&TEXT(C16,"00") | E16: =SUMIFS(Data_Monthly!$F$2:$F$76,Data_Monthly!$A$2:$A$76,$B16,Data_Monthly!$B$2:$B$76,$C16,Data_Monthly!$C$2:$C$76,"IP") | F16: =SUMIFS(Data_Monthly!$F$2:$F$76,Data_Monthly!$A$2:$A$76,$B16,Data_Monthly!$B$2:$B$76,$C16,Data_Monthly!$C$2:$C$76,"OP") | G16: =E16+F16 | H16: =SUMIFS(Data_Monthly!$D$2:$D$76,Data_Monthly!$A$2:$A$76,$B16,Data_Monthly!$B$2:$B$76,$C16)
B17: 2008 | C17: 12 | D17: =B17&"-"&TEXT(C17,"00") | E17: =SUMIFS(Data_Monthly!$F$2:$F$76,Data_Monthly!$A$2:$A$76,$B17,Data_Monthly!$B$2:$B$76,$C17,Data_Monthly!$C$2:$C$76,"IP") | F17: =SUMIFS(Data_Monthly!$F$2:$F$76,Data_Monthly!$A$2:$A$76,$B17,Data_Monthly!$B$2:$B$76,$C17,Data_Monthly!$C$2:$C$76,"OP") | G17: =E17+F17 | H17: =SUMIFS(Data_Monthly!$D$2:$D$76,Data_Monthly!$A$2:$A$76,$B17,Data_Monthly!$B$2:$B$76,$C17)
... B41: 2010 | C41: 12 | D41: =B41&"-"&TEXT(C41,"00") | E41: =SUMIFS(Data_Monthly!$F$2:$F$76,Data_Monthly!$A$2:$A$76,$B41,Data_Monthly!$B$2:$B$76,$C41,Data_Monthly!$C$2:$C$76,"IP") | F41: =SUMIFS(Data_Monthly!$F$2:$F$76,Data_Monthly!$A$2:$A$76,$B41,Data_Monthly!$B$2:$B$76,$C41,Data_Monthly!$C$2:$C$76,"OP") | G41: =E41+F41 | H41: =SUMIFS(Data_Monthly!$D$2:$D$76,Data_Monthly!$A$2:$A$76,$B41,Data_Monthly!$B$2:$B$76,$C41)

Sheet Chronic Conditions
B2: Chronic conditions: prevalence and cost
B3: Share of patients with each condition and their average annual Medicare reimbursement.
B5: Coverage year (edit): | C5: 2010 | D5: Yellow cell is the only input on this sheet.
B7: Condition | C7: Patients with condition | D7: Total patients | E7: Prevalence | F7: Avg reimbursement, with condition | G7: Avg reimbursement, without | H7: Cost multiple
B8: Alzheimer's / dementia | C8: =SUMIFS(Data_Conditions!$D$2:$D$34,Data_Conditions!$A$2:$A$34,$C$5,Data_Conditions!$B$2:$B$34,$B8) | D8: =SUMIFS(Data_Conditions!$C$2:$C$34,Data_Conditions!$A$2:$A$34,$C$5,Data_Conditions!$B$2:$B$34,$B8) | E8: =IF(D8=0,0,C8/D8) | F8: =IF(C8=0,0,SUMIFS(Data_Conditions!$E$2:$E$34,Data_Conditions!$A$2:$A$34,$C$5,Data_Conditions!$B$2:$B$34,$B8)/C8) | G8: =IF(D8-C8=0,0,SUMIFS(Data_Conditions!$F$2:$F$34,Data_Conditions!$A$2:$A$34,$C$5,Data_Conditions!$B$2:$B$34,$B8)/(D8-C8)) | H8: =IF(G8=0,0,F8/G8)
B9: COPD | C9: =SUMIFS(Data_Conditions!$D$2:$D$34,Data_Conditions!$A$2:$A$34,$C$5,Data_Conditions!$B$2:$B$34,$B9) | D9: =SUMIFS(Data_Conditions!$C$2:$C$34,Data_Conditions!$A$2:$A$34,$C$5,Data_Conditions!$B$2:$B$34,$B9) | E9: =IF(D9=0,0,C9/D9) | F9: =IF(C9=0,0,SUMIFS(Data_Conditions!$E$2:$E$34,Data_Conditions!$A$2:$A$34,$C$5,Data_Conditions!$B$2:$B$34,$B9)/C9) | G9: =IF(D9-C9=0,0,SUMIFS(Data_Conditions!$F$2:$F$34,Data_Conditions!$A$2:$A$34,$C$5,Data_Conditions!$B$2:$B$34,$B9)/(D9-C9)) | H9: =IF(G9=0,0,F9/G9)
B10: Cancer | C10: =SUMIFS(Data_Conditions!$D$2:$D$34,Data_Conditions!$A$2:$A$34,$C$5,Data_Conditions!$B$2:$B$34,$B10) | D10: =SUMIFS(Data_Conditions!$C$2:$C$34,Data_Conditions!$A$2:$A$34,$C$5,Data_Conditions!$B$2:$B$34,$B10) | E10: =IF(D10=0,0,C10/D10) | F10: =IF(C10=0,0,SUMIFS(Data_Conditions!$E$2:$E$34,Data_Conditions!$A$2:$A$34,$C$5,Data_Conditions!$B$2:$B$34,$B10)/C10) | G10: =IF(D10-C10=0,0,SUMIFS(Data_Conditions!$F$2:$F$34,Data_Conditions!$A$2:$A$34,$C$5,Data_Conditions!$B$2:$B$34,$B10)/(D10-C10)) | H10: =IF(G10=0,0,F10/G10)
B11: Chronic kidney disease | C11: =SUMIFS(Data_Conditions!$D$2:$D$34,Data_Conditions!$A$2:$A$34,$C$5,Data_Conditions!$B$2:$B$34,$B11) | D11: =SUMIFS(Data_Conditions!$C$2:$C$34,Data_Conditions!$A$2:$A$34,$C$5,Data_Conditions!$B$2:$B$34,$B11) | E11: =IF(D11=0,0,C11/D11) | F11: =IF(C11=0,0,SUMIFS(Data_Conditions!$E$2:$E$34,Data_Conditions!$A$2:$A$34,$C$5,Data_Conditions!$B$2:$B$34,$B11)/C11) | G11: =IF(D11-C11=0,0,SUMIFS(Data_Conditions!$F$2:$F$34,Data_Conditions!$A$2:$A$34,$C$5,Data_Conditions!$B$2:$B$34,$B11)/(D11-C11)) | H11: =IF(G11=0,0,F11/G11)
B12: Depression | C12: =SUMIFS(Data_Conditions!$D$2:$D$34,Data_Conditions!$A$2:$A$34,$C$5,Data_Conditions!$B$2:$B$34,$B12) | D12: =SUMIFS(Data_Conditions!$C$2:$C$34,Data_Conditions!$A$2:$A$34,$C$5,Data_Conditions!$B$2:$B$34,$B12) | E12: =IF(D12=0,0,C12/D12) | F12: =IF(C12=0,0,SUMIFS(Data_Conditions!$E$2:$E$34,Data_Conditions!$A$2:$A$34,$C$5,Data_Conditions!$B$2:$B$34,$B12)/C12) | G12: =IF(D12-C12=0,0,SUMIFS(Data_Conditions!$F$2:$F$34,Data_Conditions!$A$2:$A$34,$C$5,Data_Conditions!$B$2:$B$34,$B12)/(D12-C12)) | H12: =IF(G12=0,0,F12/G12)
B13: Diabetes | C13: =SUMIFS(Data_Conditions!$D$2:$D$34,Data_Conditions!$A$2:$A$34,$C$5,Data_Conditions!$B$2:$B$34,$B13) | D13: =SUMIFS(Data_Conditions!$C$2:$C$34,Data_Conditions!$A$2:$A$34,$C$5,Data_Conditions!$B$2:$B$34,$B13) | E13: =IF(D13=0,0,C13/D13) | F13: =IF(C13=0,0,SUMIFS(Data_Conditions!$E$2:$E$34,Data_Conditions!$A$2:$A$34,$C$5,Data_Conditions!$B$2:$B$34,$B13)/C13) | G13: =IF(D13-C13=0,0,SUMIFS(Data_Conditions!$F$2:$F$34,Data_Conditions!$A$2:$A$34,$C$5,Data_Conditions!$B$2:$B$34,$B13)/(D13-C13)) | H13: =IF(G13=0,0,F13/G13)
B14: Heart failure | C14: =SUMIFS(Data_Conditions!$D$2:$D$34,Data_Conditions!$A$2:$A$34,$C$5,Data_Conditions!$B$2:$B$34,$B14) | D14: =SUMIFS(Data_Conditions!$C$2:$C$34,Data_Conditions!$A$2:$A$34,$C$5,Data_Conditions!$B$2:$B$34,$B14) | E14: =IF(D14=0,0,C14/D14) | F14: =IF(C14=0,0,SUMIFS(Data_Conditions!$E$2:$E$34,Data_Conditions!$A$2:$A$34,$C$5,Data_Conditions!$B$2:$B$34,$B14)/C14) | G14: =IF(D14-C14=0,0,SUMIFS(Data_Conditions!$F$2:$F$34,Data_Conditions!$A$2:$A$34,$C$5,Data_Conditions!$B$2:$B$34,$B14)/(D14-C14)) | H14: =IF(G14=0,0,F14/G14)
B15: Ischemic heart disease | C15: =SUMIFS(Data_Conditions!$D$2:$D$34,Data_Conditions!$A$2:$A$34,$C$5,Data_Conditions!$B$2:$B$34,$B15) | D15: =SUMIFS(Data_Conditions!$C$2:$C$34,Data_Conditions!$A$2:$A$34,$C$5,Data_Conditions!$B$2:$B$34,$B15) | E15: =IF(D15=0,0,C15/D15) | F15: =IF(C15=0,0,SUMIFS(Data_Conditions!$E$2:$E$34,Data_Conditions!$A$2:$A$34,$C$5,Data_Conditions!$B$2:$B$34,$B15)/C15) | G15: =IF(D15-C15=0,0,SUMIFS(Data_Conditions!$F$2:$F$34,Data_Conditions!$A$2:$A$34,$C$5,Data_Conditions!$B$2:$B$34,$B15)/(D15-C15)) | H15: =IF(G15=0,0,F15/G15)
B16: Osteoporosis | C16: =SUMIFS(Data_Conditions!$D$2:$D$34,Data_Conditions!$A$2:$A$34,$C$5,Data_Conditions!$B$2:$B$34,$B16) | D16: =SUMIFS(Data_Conditions!$C$2:$C$34,Data_Conditions!$A$2:$A$34,$C$5,Data_Conditions!$B$2:$B$34,$B16) | E16: =IF(D16=0,0,C16/D16) | F16: =IF(C16=0,0,SUMIFS(Data_Conditions!$E$2:$E$34,Data_Conditions!$A$2:$A$34,$C$5,Data_Conditions!$B$2:$B$34,$B16)/C16) | G16: =IF(D16-C16=0,0,SUMIFS(Data_Conditions!$F$2:$F$34,Data_Conditions!$A$2:$A$34,$C$5,Data_Conditions!$B$2:$B$34,$B16)/(D16-C16)) | H16: =IF(G16=0,0,F16/G16)
B17: Rheumatoid / osteo arthritis | C17: =SUMIFS(Data_Conditions!$D$2:$D$34,Data_Conditions!$A$2:$A$34,$C$5,Data_Conditions!$B$2:$B$34,$B17) | D17: =SUMIFS(Data_Conditions!$C$2:$C$34,Data_Conditions!$A$2:$A$34,$C$5,Data_Conditions!$B$2:$B$34,$B17) | E17: =IF(D17=0,0,C17/D17) | F17: =IF(C17=0,0,SUMIFS(Data_Conditions!$E$2:$E$34,Data_Conditions!$A$2:$A$34,$C$5,Data_Conditions!$B$2:$B$34,$B17)/C17) | G17: =IF(D17-C17=0,0,SUMIFS(Data_Conditions!$F$2:$F$34,Data_Conditions!$A$2:$A$34,$C$5,Data_Conditions!$B$2:$B$34,$B17)/(D17-C17)) | H17: =IF(G17=0,0,F17/G17)
B18: Stroke / TIA | C18: =SUMIFS(Data_Conditions!$D$2:$D$34,Data_Conditions!$A$2:$A$34,$C$5,Data_Conditions!$B$2:$B$34,$B18) | D18: =SUMIFS(Data_Conditions!$C$2:$C$34,Data_Conditions!$A$2:$A$34,$C$5,Data_Conditions!$B$2:$B$34,$B18) | E18: =IF(D18=0,0,C18/D18) | F18: =IF(C18=0,0,SUMIFS(Data_Conditions!$E$2:$E$34,Data_Conditions!$A$2:$A$34,$C$5,Data_Conditions!$B$2:$B$34,$B18)/C18) | G18: =IF(D18-C18=0,0,SUMIFS(Data_Conditions!$F$2:$F$34,Data_Conditions!$A$2:$A$34,$C$5,Data_Conditions!$B$2:$B$34,$B18)/(D18-C18)) | H18: =IF(G18=0,0,F18/G18)
B20: Reimbursement = annual Medicare inpatient + outpatient + carrier reimbursement from the beneficiary file. Cost multiple = average for patients with the condition / average for patients without it.

Sheet Inpatient Stays
B2: Inpatient length of stay
B3: Inpatient claims and payment by length-of-stay band.
B5: Length of stay | C5: Claims 2008 | D5: Claims 2009 | E5: Claims 2010 | F5: Claims 2008-2010 | G5: Payment 2008-2010 | H5: Average payment per stay | I5: Share of stays
B6: 0-1 days | C6: =SUMIFS(Data_LOS!$C$2:$C$21,Data_LOS!$A$2:$A$21,2008,Data_LOS!$B$2:$B$21,$B6) | D6: =SUMIFS(Data_LOS!$C$2:$C$21,Data_LOS!$A$2:$A$21,2009,Data_LOS!$B$2:$B$21,$B6) | E6: =SUMIFS(Data_LOS!$C$2:$C$21,Data_LOS!$A$2:$A$21,2010,Data_LOS!$B$2:$B$21,$B6) | F6: =SUM(C6:E6) | G6: =SUMIFS(Data_LOS!$D$2:$D$21,Data_LOS!$A$2:$A$21,">=2008",Data_LOS!$B$2:$B$21,$B6) | H6: =IF(F6=0,0,G6/F6) | I6: =IF(SUM($F$6:$F$10)=0,0,F6/SUM($F$6:$F$10))
B7: 2-3 days | C7: =SUMIFS(Data_LOS!$C$2:$C$21,Data_LOS!$A$2:$A$21,2008,Data_LOS!$B$2:$B$21,$B7) | D7: =SUMIFS(Data_LOS!$C$2:$C$21,Data_LOS!$A$2:$A$21,2009,Data_LOS!$B$2:$B$21,$B7) | E7: =SUMIFS(Data_LOS!$C$2:$C$21,Data_LOS!$A$2:$A$21,2010,Data_LOS!$B$2:$B$21,$B7) | F7: =SUM(C7:E7) | G7: =SUMIFS(Data_LOS!$D$2:$D$21,Data_LOS!$A$2:$A$21,">=2008",Data_LOS!$B$2:$B$21,$B7) | H7: =IF(F7=0,0,G7/F7) | I7: =IF(SUM($F$6:$F$10)=0,0,F7/SUM($F$6:$F$10))
B8: 4-7 days | C8: =SUMIFS(Data_LOS!$C$2:$C$21,Data_LOS!$A$2:$A$21,2008,Data_LOS!$B$2:$B$21,$B8) | D8: =SUMIFS(Data_LOS!$C$2:$C$21,Data_LOS!$A$2:$A$21,2009,Data_LOS!$B$2:$B$21,$B8) | E8: =SUMIFS(Data_LOS!$C$2:$C$21,Data_LOS!$A$2:$A$21,2010,Data_LOS!$B$2:$B$21,$B8) | F8: =SUM(C8:E8) | G8: =SUMIFS(Data_LOS!$D$2:$D$21,Data_LOS!$A$2:$A$21,">=2008",Data_LOS!$B$2:$B$21,$B8) | H8: =IF(F8=0,0,G8/F8) | I8: =IF(SUM($F$6:$F$10)=0,0,F8/SUM($F$6:$F$10))
B9: 8-14 days | C9: =SUMIFS(Data_LOS!$C$2:$C$21,Data_LOS!$A$2:$A$21,2008,Data_LOS!$B$2:$B$21,$B9) | D9: =SUMIFS(Data_LOS!$C$2:$C$21,Data_LOS!$A$2:$A$21,2009,Data_LOS!$B$2:$B$21,$B9) | E9: =SUMIFS(Data_LOS!$C$2:$C$21,Data_LOS!$A$2:$A$21,2010,Data_LOS!$B$2:$B$21,$B9) | F9: =SUM(C9:E9) | G9: =SUMIFS(Data_LOS!$D$2:$D$21,Data_LOS!$A$2:$A$21,">=2008",Data_LOS!$B$2:$B$21,$B9) | H9: =IF(F9=0,0,G9/F9) | I9: =IF(SUM($F$6:$F$10)=0,0,F9/SUM($F$6:$F$10))
B10: 15+ days | C10: =SUMIFS(Data_LOS!$C$2:$C$21,Data_LOS!$A$2:$A$21,2008,Data_LOS!$B$2:$B$21,$B10) | D10: =SUMIFS(Data_LOS!$C$2:$C$21,Data_LOS!$A$2:$A$21,2009,Data_LOS!$B$2:$B$21,$B10) | E10: =SUMIFS(Data_LOS!$C$2:$C$21,Data_LOS!$A$2:$A$21,2010,Data_LOS!$B$2:$B$21,$B10) | F10: =SUM(C10:E10) | G10: =SUMIFS(Data_LOS!$D$2:$D$21,Data_LOS!$A$2:$A$21,">=2008",Data_LOS!$B$2:$B$21,$B10) | H10: =IF(F10=0,0,G10/F10) | I10: =IF(SUM($F$6:$F$10)=0,0,F10/SUM($F$6:$F$10))

Sheet Data_Monthly
A1: claim_year | B1: month | C1: claim_type | D1: claims | E1: patients | F1: total_payment | G1: adjustments
A2: 2007 | B2: 11 | C2: IP | D2: 2 | E2: 2 | F2: 65000 | G2: 0
A3: 2007 | B3: 12 | C3: IP | D3: 222 | E3: 212 | F3: 2705000 | G3: 0
A4: 2007 | B4: 12 | C4: OP | D4: 312 | E4: 292 | F4: 344030 | G4: 0
A5: 2008 | B5: 1 | C5: IP | D5: 1535 | E5: 1373 | F5: 14559480 | G5: 1
A6: 2008 | B6: 1 | C6: OP | D6: 10256 | E6: 8181 | F6: 3065090 | G6: 37
A7: 2008 | B7: 2 | C7: IP | D7: 1804 | E7: 1593 | F7: 16260110 | G7: 0
A8: 2008 | B8: 2 | C8: OP | D8: 15383 | E8: 11941 | F8: 4481320 | G8: 40
A9: 2008 | B9: 3 | C9: IP | D9: 2301 | E9: 2077 | F9: 20930530 | G9: 2
A10: 2008 | B10: 3 | C10: OP | D10: 21051 | E10: 16046 | F10: 5619730 | G10: 76
A11: 2008 | B11: 4 | C11: IP | D11: 2315 | E11: 2078 | F11: 21670870 | G11: 3
A12: 2008 | B12: 4 | C12: OP | D12: 23164 | E12: 17534 | F12: 6428070 | G12: 78
A13: 2008 | B13: 5 | C13: IP | D13: 2587 | E13: 2268 | F13: 24288340 | G13: 1
... A76: 2010 | B76: 12 | C76: OP | D76: 6812 | E76: 5763 | F76: 1780490 | G76: 23

Sheet Data_Diagnosis
A1: claim_year | B1: claim_type | C1: icd9_chapter | D1: claims | E1: total_payment
A2: 2007 | B2: IP | C2: Circulatory system | D2: 46 | E2: 694000
A3: 2007 | B3: IP | C3: Respiratory system | D3: 45 | E3: 609000
A4: 2007 | B4: IP | C4: Injury and poisoning | D4: 17 | E4: 263000
A5: 2007 | B5: IP | C5: Infectious and parasitic diseases | D5: 21 | E5: 247000
A6: 2007 | B6: IP | C6: Digestive system | D6: 25 | E6: 219000
A7: 2007 | B7: IP | C7: Mental disorders | D7: 12 | E7: 160000
A8: 2007 | B8: IP | C8: Supplementary factors (V codes) | D8: 7 | E8: 116000
A9: 2007 | B9: IP | C9: Musculoskeletal system | D9: 6 | E9: 105000
A10: 2007 | B10: IP | C10: Skin and subcutaneous tissue | D10: 8 | E10: 104000
A11: 2007 | B11: IP | C11: Genitourinary system | D11: 10 | E11: 73000
A12: 2007 | B12: IP | C12: Neoplasms | D12: 8 | E12: 61000
A13: 2007 | B13: IP | C13: Endocrine, nutritional, metabolic and immunity disorders | D13: 7 | E13: 59000
... A147: 2010 | B147: OP | C147: Perinatal conditions | D147: 15 | E147: 2940

Sheet Data_States
A1: claim_year | B1: state_code | C1: claims | D1: patients | E1: total_payment
A2: 2007 | B2: 01 | C2: 13 | D2: 12 | E2: 35690
A3: 2007 | B3: 02 | C3: 1 | D3: 1 | E3: 8000
A4: 2007 | B4: 03 | C4: 4 | D4: 4 | E4: 3410
A5: 2007 | B5: 04 | C5: 11 | D5: 10 | E5: 70910
A6: 2007 | B6: 05 | C6: 37 | D6: 35 | E6: 109080
A7: 2007 | B7: 06 | C7: 6 | D7: 5 | E7: 16020
A8: 2007 | B8: 07 | C8: 6 | D8: 6 | E8: 7370
A9: 2007 | B9: 08 | C9: 1 | D9: 1 | E9: 3400
A10: 2007 | B10: 10 | C10: 38 | D10: 37 | E10: 156540
A11: 2007 | B11: 11 | C11: 10 | D11: 10 | E11: 48260
A12: 2007 | B12: 12 | C12: 1 | D12: 1 | E12: 2000
A13: 2007 | B13: 13 | C13: 4 | D13: 4 | E13: 19400
... A205: 2010 | B205: 54 | C205: 1530 | D205: 535 | E205: 1808260

Sheet Data_LOS
A1: claim_year | B1: length_of_stay_band | C1: claims | D1: total_payment
A2: 2007 | B2: 0-1 days | C2: 7 | D2: 50000
A3: 2007 | B3: 15+ days | C3: 56 | D3: 1154000
A4: 2007 | B4: 2-3 days | C4: 35 | D4: 212000
A5: 2007 | B5: 4-7 days | C5: 64 | D5: 533000
A6: 2007 | B6: 8-14 days | C6: 62 | D6: 821000
A7: 2008 | B7: 0-1 days | C7: 3441 | D7: 23855600
A8: 2008 | B8: 15+ days | C8: 1864 | D8: 35478610
A9: 2008 | B9: 2-3 days | C9: 8715 | D9: 60244060
A10: 2008 | B10: 4-7 days | C10: 9423 | D10: 84137150
A11: 2008 | B11: 8-14 days | C11: 4235 | D11: 54329460
A12: 2009 | B12: 0-1 days | C12: 3288 | D12: 22976190
A13: 2009 | B13: 15+ days | C13: 1790 | D13: 33757290
... A21: 2010 | B21: 8-14 days | C21: 1965 | D21: 27510420

Sheet Data_Conditions
A1: coverage_year | B1: condition | C1: total_patients | D1: patients_with_condition | E1: reimbursement_with_condition | F1: reimbursement_without_condition
A2: 2008 | B2: Alzheimer's / dementia | C2: 116352 | D2: 22410 | E2: 230422070 | F2: 234811770
A3: 2008 | B3: COPD | C3: 116352 | D3: 15743 | E3: 224074980 | F3: 241158860
A4: 2008 | B4: Cancer | C4: 116352 | D4: 7415 | E4: 97756740 | F4: 367477100
A5: 2008 | B5: Chronic kidney disease | C5: 116352 | D5: 18686 | E5: 276010150 | F5: 189223690
A6: 2008 | B6: Depression | C6: 116352 | D6: 24840 | E6: 229567770 | F6: 235666070
A7: 2008 | B7: Diabetes | C7: 116352 | D7: 44060 | E7: 367554240 | F7: 97679600
A8: 2008 | B8: Heart failure | C8: 116352 | D8: 33155 | E8: 336295310 | F8: 128938530
A9: 2008 | B9: Ischemic heart disease | C9: 116352 | D9: 48942 | E9: 397959420 | F9: 67274420
A10: 2008 | B10: Osteoporosis | C10: 116352 | D10: 20177 | E10: 160043610 | F10: 305190230
A11: 2008 | B11: Rheumatoid / osteo arthritis | C11: 116352 | D11: 17916 | E11: 172642720 | F11: 292591120
A12: 2008 | B12: Stroke / TIA | C12: 116352 | D12: 5223 | E12: 92540430 | F12: 372693410
A13: 2009 | B13: Alzheimer's / dementia | C13: 114538 | D13: 26404 | E13: 221852610 | F13: 270362770
... A34: 2010 | B34: Stroke / TIA | C34: 112754 | D34: 2951 | E34: 21861410 | F34: 262457140

Sheet Notes
B2: Notes
B3: Where the data comes from and how to use this workbook.
B5: Source | C5: CMS 2008-2010 Data Entrepreneurs' Synthetic Public Use File (DE-SynPUF), Sample 1: synthetic Medicare data, https://www.cms.gov/data-research/statistics-trends-and-reports/medicare-claims-synthetic-public-use-files
B6: Pipeline | C6: Data comes from the gold layer of https://github.com/siddhidokania/healthcare-claims-etl (python -m pipeline.export_bi writes the Data_ sheets' CSVs).
B7: Claims | C7: One row per claim; claims split into two source segments are consolidated. 278 invalid claim segments were quarantined by the pipeline and are not included.
B8: Payment | C8: Medicare claim payment amount (CLM_PMT_AMT) in USD. Negative values are adjustments.
B9: Diagnosis chapter | C9: ICD-9-CM chapter of the claim's primary diagnosis.
B10: Chronic conditions | C10: From the yearly beneficiary summary files; reimbursement is annual inpatient + outpatient + carrier.
B11: Formulas | C11: All summary numbers are SUMIFS formulas over the Data_ sheets. Replace a Data_ sheet's rows with a newer export and the summaries update.
B12: Input cells | C12: Yellow cells with blue text are inputs (Chronic Conditions!C5).
B13: Practice | C13: Insert > PivotTable on Data_Monthly or Data_Diagnosis to explore further (e.g. payment by year and chapter).
